Country,HS4,Section,Trade Value
Afghanistan,Grapes,Vegetable Products,236665308.75958857
Afghanistan,Insect Resins,Vegetable Products,103650257.0
Afghanistan,Gold,Precious Metals,93913530.0
Afghanistan,Coal Briquettes,Mineral Products,86981899.1690734
Afghanistan,Tropical Fruits,Vegetable Products,82947259.9242694
Albania,Leather Footwear,Footwear and Headwear,357635061.2391215
Albania,Footwear Parts,Footwear and Headwear,229493825.22329575
Albania,Crude Petroleum,Mineral Products,185357582.67064098
Albania,Non-Knit Men's Suits,Textiles,122942236.19324216
Albania,Ferroalloys,Metals,117366153.0653474
Algeria,Crude Petroleum,Mineral Products,15946854475.276674
Algeria,Petroleum Gas,Mineral Products,12792905038.055038
Algeria,Refined Petroleum,Mineral Products,7047113883.458322
Algeria,Nitrogenous Fertilizers,Chemical Products,808823193.997042
Algeria,Ammonia,Chemical Products,456334413.7686991
American Samoa,Petroleum Gas,Mineral Products,26593054.0
American Samoa,Animal Meal and Pellets,Foodstuffs,12074813.0
American Samoa,Delivery Trucks,Transportation,11993199.0
American Samoa,Non-fillet Frozen Fish,Animal Products,7367220.0
American Samoa,Refined Petroleum,Mineral Products,1484387.0000000002
Andorra,Integrated Circuits,Machines,23660033.73313759
Andorra,Cars,Transportation,16410312.278629927
Andorra,Essential Oils,Chemical Products,14276071.0
Andorra,Orthopedic Appliances,Instruments,12098795.840201031
Andorra,Gold,Precious Metals,3847786.398276888
Angola,Crude Petroleum,Mineral Products,35462699963.7722
Angola,Diamonds,Precious Metals,2490501029.0000005
Angola,Petroleum Gas,Mineral Products,1651455362.2978191
Angola,Refined Petroleum,Mineral Products,513773127.68510425
Angola,Coal Tar Oil,Mineral Products,146442793.0
Anguilla,Hard Liquor,Foodstuffs,2400980.0
Anguilla,Packaged Medicaments,Chemical Products,2268441.0
Anguilla,Manganese Ore,Mineral Products,1641008.65809629
Anguilla,Insulated Wire,Machines,905876.442349789
Anguilla,Other Iron Products,Metals,723337.7289389279
Antigua and Barbuda,Passenger and Cargo Ships,Transportation,124573504.0
Antigua and Barbuda,Refined Petroleum,Mineral Products,13722884.247467708
Antigua and Barbuda,Precious Metal Scraps,Precious Metals,8669839.520721203
Antigua and Barbuda,Corn,Vegetable Products,6298821.230906326
Antigua and Barbuda,Other Furniture,Miscellaneous,4922194.104668167
Argentina,Soybean Meal,Foodstuffs,9201733272.411615
Argentina,Corn,Vegetable Products,4437875416.892586
Argentina,Delivery Trucks,Transportation,3935824720.071939
Argentina,Soybean Oil,Animal and Vegetable Bi-Products,2946881443.972364
Argentina,Wheat,Vegetable Products,2491319852.873604
Armenia,Copper Ore,Mineral Products,692694098.6864151
Armenia,Gold,Precious Metals,344162961.3427736
Armenia,Rolled Tobacco,Foodstuffs,265649563.2528126
Armenia,Ferroalloys,Metals,196223064.74948326
Armenia,Hard Liquor,Foodstuffs,194781021.64158642
Aruba,"Planes, Helicopters, and/or Spacecraft",Transportation,89983124.00000001
Aruba,Crude Petroleum,Mineral Products,29039026.351197
Aruba,Petroleum Gas,Mineral Products,15316309.317737829
Aruba,Gas Turbines,Machines,14385527.0
Aruba,Hard Liquor,Foodstuffs,10632508.0
Australia,Coal Briquettes,Mineral Products,57238386292.30194
Australia,Iron Ore,Mineral Products,48090397971.91548
Australia,Petroleum Gas,Mineral Products,17620940939.056004
Australia,Gold,Precious Metals,16091017365.014046
Australia,Aluminium Oxide,Chemical Products,6662192316.878483
Austria,Cars,Transportation,7953373498.895601
Austria,Packaged Medicaments,Chemical Products,5982446470.821409
Austria,Vehicle Parts,Transportation,5531055482.257636
Austria,"Blood, antisera, vaccines, toxins and cultures",Chemical Products,3916754585.435663
Austria,Flavored Water,Foodstuffs,2675549463.578683
Azerbaijan,Crude Petroleum,Mineral Products,16072804545.12484
Azerbaijan,Petroleum Gas,Mineral Products,1520413683.913474
Azerbaijan,Refined Petroleum,Mineral Products,523833554.21293956
Azerbaijan,Tomatoes,Vegetable Products,177345996.24891058
Azerbaijan,Gold,Precious Metals,150908314.19236898
Bahamas,Passenger and Cargo Ships,Transportation,349115931.0
Bahamas,Refined Petroleum,Mineral Products,346585562.3704148
Bahamas,Nitrogen Heterocyclic Compounds,Chemical Products,87534206.0
Bahamas,Crustaceans,Animal Products,83735253.65160973
Bahamas,Styrene Polymers,Plastics and Rubbers,76703152.22430308
Bahrain,Refined Petroleum,Mineral Products,3202358783.061685
Bahrain,Raw Aluminium,Metals,1515465245.3779347
Bahrain,Iron Ore,Mineral Products,981283216.7243627
Bahrain,Aluminium Wire,Metals,742833520.1553074
Bahrain,Crude Petroleum,Mineral Products,498517345.9499504
Bangladesh,Non-Knit Men's Suits,Textiles,6889479489.0
Bangladesh,Knit T-shirts,Textiles,6764437886.0
Bangladesh,Knit Sweaters,Textiles,5447800716.0
Bangladesh,Non-Knit Women's Suits,Textiles,4909789887.0
Bangladesh,Non-Knit Men's Shirts,Textiles,2441875065.0
Barbados,Hard Liquor,Foodstuffs,54566129.57930973
Barbados,Packaged Medicaments,Chemical Products,21602923.920756098
Barbados,Gold,Precious Metals,21543960.197828393
Barbados,Passenger and Cargo Ships,Transportation,20564302.000000004
Barbados,Cement,Mineral Products,20474864.310591523
Belarus,Refined Petroleum,Mineral Products,6543281758.469146
Belarus,Potassic Fertilizers,Chemical Products,2751749614.9302235
Belarus,Delivery Trucks,Transportation,1526396693.238706
Belarus,Crude Petroleum,Mineral Products,811657808.927162
Belarus,Cheese,Animal Products,811373844.2484608
Belgium-Luxembourg,Cars,Transportation,29363725022.295578
Belgium-Luxembourg,Refined Petroleum,Mineral Products,27123519169.927673
Belgium-Luxembourg,Packaged Medicaments,Chemical Products,23507389424.673866
Belgium-Luxembourg,Diamonds,Precious Metals,16596208251.53173
Belgium-Luxembourg,"Blood, antisera, vaccines, toxins and cultures",Chemical Products,16188570682.505459
Belize,Raw Sugar,Foodstuffs,59620861.71513395
Belize,Bananas,Vegetable Products,37818671.80646905
Belize,Fruit Juice,Foodstuffs,35955743.84037758
Belize,Non-fillet Frozen Fish,Animal Products,34514010.220533445
Belize,Gold,Precious Metals,23379291.0
Benin,Raw Cotton,Textiles,436547536.7449824
Benin,"Coconuts, Brazil Nuts, and Cashews",Vegetable Products,213995063.67039314
Benin,Gold,Precious Metals,150070817.6987609
Benin,Scrap Copper,Metals,43575576.26568548
Benin,Other Oily Seeds,Vegetable Products,42975354.22573781
Bermuda,Petroleum Gas,Mineral Products,83447975.3435037
Bermuda,Recreational Boats,Transportation,76298087.00000001
Bermuda,Gold,Precious Metals,8327668.0
Bermuda,Hard Liquor,Foodstuffs,4136389.6099040937
Bermuda,"Planes, Helicopters, and/or Spacecraft",Transportation,3277450.0
Bhutan,Ferroalloys,Metals,160762116.9701407
Bhutan,Semi-Finished Iron,Metals,21074428.07053415
Bhutan,Dolomite,Mineral Products,19821552.278560277
Bhutan,Carbides,Chemical Products,14444989.223844219
Bhutan,"Planes, Helicopters, and/or Spacecraft",Transportation,8234195.0
Bolivia,Petroleum Gas,Mineral Products,3040273266.2933393
Bolivia,Zinc Ore,Mineral Products,1608899921.2537572
Bolivia,Gold,Precious Metals,1166152622.5528889
Bolivia,Soybean Meal,Foodstuffs,530785941.3204633
Bolivia,Precious Metal Ore,Mineral Products,525767245.5613975
Bonaire,Crude Petroleum,Mineral Products,33913232.0
Bonaire,Salt,Mineral Products,1868082.9999999998
Bonaire,Orthopedic Appliances,Instruments,563235.0
Bonaire,Surveying Equipment,Instruments,140746.0
Bonaire,Paintings,Arts and Antiques,117764.0
Bosnia and Herzegovina,Electricity,Mineral Products,444585759.40593696
Bosnia and Herzegovina,Seats,Miscellaneous,384608862.2071623
Bosnia and Herzegovina,Raw Aluminium,Metals,274568937.65186304
Bosnia and Herzegovina,Other Furniture,Miscellaneous,211277988.78116837
Bosnia and Herzegovina,Leather Footwear,Footwear and Headwear,210111486.76059756
Brazil,Soybeans,Vegetable Products,33194691036.171696
Brazil,Crude Petroleum,Mineral Products,25179290412.465935
Brazil,Iron Ore,Mineral Products,20472500790.82838
Brazil,Sulfate Chemical Woodpulp,Paper Goods,8261144702.243701
Brazil,Soybean Meal,Foodstuffs,6803739261.323936
British Indian Ocean Territory,Non-fillet Frozen Fish,Animal Products,4201446.0
British Indian Ocean Territory,Petroleum Gas,Mineral Products,969945.0
British Indian Ocean Territory,Packing Bags,Textiles,821666.9999999999
British Indian Ocean Territory,Molluscs,Animal Products,662631.0000000001
British Indian Ocean Territory,Integrated Circuits,Machines,487198.0
British Virgin Islands,Recreational Boats,Transportation,82249394.0
British Virgin Islands,Vehicle Parts,Transportation,19584134.71528859
British Virgin Islands,"Planes, Helicopters, and/or Spacecraft",Transportation,14316857.0
British Virgin Islands,Tug Boats,Transportation,12021000.0
British Virgin Islands,Sculptures,Arts and Antiques,4776762.0
Brunei,Petroleum Gas,Mineral Products,3045481633.816415
Brunei,Crude Petroleum,Mineral Products,2736152013.5759053
Brunei,Acyclic Alcohols,Chemical Products,252986126.68443388
Brunei,Aircraft Parts,Transportation,31914421.21697808
Brunei,Spark-Ignition Engines,Machines,25284575.000000004
Bulgaria,Refined Petroleum,Mineral Products,1921313945.62006
Bulgaria,Refined Copper,Metals,1276958210.578102
Bulgaria,Raw Copper,Metals,1082617531.811287
Bulgaria,Packaged Medicaments,Chemical Products,989417044.1639322
Bulgaria,Wheat,Vegetable Products,885570743.4186367
Burkina Faso,Gold,Precious Metals,4281753771.763591
Burkina Faso,Raw Cotton,Textiles,321088838.81270164
Burkina Faso,"Coconuts, Brazil Nuts, and Cashews",Vegetable Products,219143895.0893336
Burkina Faso,Zinc Ore,Mineral Products,209551314.83288231
Burkina Faso,Raw Zinc,Metals,187576043.0
Burma,Petroleum Gas,Mineral Products,5617357957.35593
Burma,Non-Knit Women's Coats,Textiles,976361598.0565598
Burma,Refined Copper,Metals,893332405.0004517
Burma,Raw Sugar,Foodstuffs,651650872.8225402
Burma,Non-Knit Men's Coats,Textiles,591985957.648224
Burundi,Gold,Precious Metals,112788467.763589
Burundi,Coffee,Vegetable Products,46921168.10688505
Burundi,Tea,Vegetable Products,25747910.10838434
Burundi,"Niobium, Tantalum, Vanadium and Zirconium Ore",Mineral Products,20806044.54206678
Burundi,Wheat Flours,Vegetable Products,9050913.000000002
Cambodia,Knit Sweaters,Textiles,2435369557.0
Cambodia,Knit Women's Suits,Textiles,1753709193.0
Cambodia,Non-Knit Women's Suits,Textiles,1558953139.0
Cambodia,Knit T-shirts,Textiles,1247446634.0
Cambodia,Non-Knit Men's Suits,Textiles,956039844.0
Cameroon,Crude Petroleum,Mineral Products,1498002665.1428545
Cameroon,Cocoa Beans,Foodstuffs,491972015.47064203
Cameroon,Sawn Wood,Wood Products,458938797.0
Cameroon,Gold,Precious Metals,415289161.0
Cameroon,Bananas,Vegetable Products,271248397.735048
Canada,Crude Petroleum,Mineral Products,66618353161.88691
Canada,Cars,Transportation,41046708105.871796
Canada,Gold,Precious Metals,12921416744.115875
Canada,Refined Petroleum,Mineral Products,12269063837.611805
Canada,Vehicle Parts,Transportation,11317338804.430002
Cape Verde,Processed Fish,Foodstuffs,49640723.22614793
Cape Verde,Non-fillet Frozen Fish,Animal Products,33439628.668949217
Cape Verde,Footwear Parts,Footwear and Headwear,4178935.08170376
Cape Verde,Non-Knit Men's Suits,Textiles,4091316.36622703
Cape Verde,Molluscs,Animal Products,3526957.07442259
Cayman Islands,Recreational Boats,Transportation,954934970.0
Cayman Islands,Raw Lead,Metals,9687452.12030097
Cayman Islands,Wheat,Vegetable Products,8025859.17817772
Cayman Islands,Broadcasting Equipment,Machines,7799510.0
Cayman Islands,"Planes, Helicopters, and/or Spacecraft",Transportation,6448798.000000001
Central African Republic,Rough Wood,Wood Products,58799021.0
Central African Republic,Diamonds,Precious Metals,16607794.0
Central African Republic,Sawn Wood,Wood Products,12054026.0
Central African Republic,Raw Cotton,Textiles,2273671.7864794303
Central African Republic,Gold,Precious Metals,1612199.0
Chad,Crude Petroleum,Mineral Products,1319581301.8605459
Chad,Gold,Precious Metals,135711546.0
Chad,Insect Resins,Vegetable Products,24704292.43844072
Chad,Other Oily Seeds,Vegetable Products,23506477.675938148
Chad,Raw Cotton,Textiles,9707277.206995903
Chile,Copper Ore,Mineral Products,18645960696.198322
Chile,Refined Copper,Metals,15546322890.841698
Chile,Sulfate Chemical Woodpulp,Paper Goods,3710739438.9388895
Chile,Fish Fillets,Animal Products,2783956744.3142843
Chile,Raw Copper,Metals,2163852389.4810367
China,Broadcasting Equipment,Machines,223508460274.02618
China,Computers,Machines,147289548342.6484
China,Office Machine Parts,Machines,100001945292.62704
China,Integrated Circuits,Machines,90911557979.8358
China,Telephones,Machines,55254287532.31783
Chinese Taipei,Integrated Circuits,Machines,109603664131.41788
Chinese Taipei,Office Machine Parts,Machines,10452675453.535587
Chinese Taipei,Refined Petroleum,Mineral Products,9723069894.776731
Chinese Taipei,LCDs,Instruments,7617915768.395216
Chinese Taipei,Blank Audio Media,Machines,6732789196.577928
Christmas Island,Calcium Phosphates,Mineral Products,11320189.0
Christmas Island,Phosphatic Fertilizers,Chemical Products,7396743.0
Christmas Island,Air Pumps,Machines,794182.0
Christmas Island,Mixed Mineral or Chemical Fertilizers,Chemical Products,562342.0
Christmas Island,Rolled Tobacco,Foodstuffs,119006.0
Cocos (Keeling) Islands,Computers,Machines,1029197.0000000001
Cocos (Keeling) Islands,Vehicle Parts,Transportation,373650.0
Cocos (Keeling) Islands,Knives,Metals,257644.0
Cocos (Keeling) Islands,Non-Knit Women's Coats,Textiles,250614.0
Cocos (Keeling) Islands,Broadcasting Equipment,Machines,220224.00000000003
Colombia,Crude Petroleum,Mineral Products,13754358741.981943
Colombia,Coal Briquettes,Mineral Products,7445291900.294512
Colombia,Refined Petroleum,Mineral Products,2960886357.6655025
Colombia,Coffee,Vegetable Products,2347867421.274888
Colombia,Cut Flowers,Vegetable Products,1458181025.4966636
Comoros,Cloves,Vegetable Products,52049190.81968595
Comoros,Essential Oils,Chemical Products,22462403.62618094
Comoros,Vanilla,Vegetable Products,17027966.0
Comoros,Scrap Vessels,Transportation,7222454.000000001
Comoros,Scrap Iron,Metals,504045.90388001484
Cook Islands,Recreational Boats,Transportation,15421060.0
Cook Islands,Non-fillet Frozen Fish,Animal Products,15228037.286702514
Cook Islands,Fish Fillets,Animal Products,6254433.561342199
Cook Islands,Gas Turbines,Machines,1496537.9999999998
Cook Islands,Fruit Juice,Foodstuffs,948121.3592803031
Costa Rica,Medical Instruments,Instruments,2694664336.4066296
Costa Rica,Bananas,Vegetable Products,1221141189.0216606
Costa Rica,Tropical Fruits,Vegetable Products,1182976754.0565426
Costa Rica,Orthopedic Appliances,Instruments,844535206.6056929
Costa Rica,Other Edible Preparations,Foodstuffs,426942938.4420849
Cote d'Ivoire,Cocoa Beans,Foodstuffs,3532373348.3292
Cote d'Ivoire,"Coconuts, Brazil Nuts, and Cashews",Vegetable Products,1168667700.7027228
Cote d'Ivoire,Refined Petroleum,Mineral Products,1099974677.98128
Cote d'Ivoire,Rubber,Plastics and Rubbers,886495781.5317298
Cote d'Ivoire,Gold,Precious Metals,818216762.156103
Croatia,Refined Petroleum,Mineral Products,1301737550.361472
Croatia,Packaged Medicaments,Chemical Products,704186492.9383688
Croatia,Sawn Wood,Wood Products,462083658.5745844
Croatia,"Blood, antisera, vaccines, toxins and cultures",Chemical Products,380669605.60173476
Croatia,Electrical Transformers,Machines,346478951.1744342
Cuba,Rolled Tobacco,Foodstuffs,276558120.8654654
Cuba,Raw Sugar,Foodstuffs,211477176.20958692
Cuba,Nickel Mattes,Metals,172883751.5273111
Cuba,Hard Liquor,Foodstuffs,115546344.0
Cuba,Crustaceans,Animal Products,81796748.49801777
Curaçao,Refined Petroleum,Mineral Products,207360416.0
Curaçao,Gold,Precious Metals,137909629.0
Curaçao,Jewellery,Precious Metals,44847129.0
Curaçao,Non-fillet Frozen Fish,Animal Products,29665087.0
Curaçao,Diamonds,Precious Metals,10572452.0
Cyprus,Refined Petroleum,Mineral Products,983664867.1689013
Cyprus,Recreational Boats,Transportation,757204892.5619279
Cyprus,Packaged Medicaments,Chemical Products,399674065.7798686
Cyprus,Other Sea Vessels,Transportation,280327532.0
Cyprus,Cheese,Animal Products,273845517.3419468
Czechia,Cars,Transportation,22673012325.527737
Czechia,Vehicle Parts,Transportation,15600921149.905132
Czechia,Computers,Machines,10816743559.930862
Czechia,Broadcasting Equipment,Machines,8283594662.682352
Czechia,Office Machine Parts,Machines,4176575653.867818
Democratic Republic of the Congo,Refined Copper,Metals,3629643057.4351788
Democratic Republic of the Congo,Cobalt,Metals,3383599205.6105304
Democratic Republic of the Congo,Copper Ore,Mineral Products,1182750059.345973
Democratic Republic of the Congo,Cobalt Ore,Mineral Products,853356929.8647814
Democratic Republic of the Congo,Crude Petroleum,Mineral Products,386224250.7920267
Denmark,Packaged Medicaments,Chemical Products,9918965412.70775
Denmark,Refined Petroleum,Mineral Products,2745427285.8479786
Denmark,Pig Meat,Animal Products,2635562081.163514
Denmark,Electric Generating Sets,Machines,2055278601.4509213
Denmark,Cheese,Animal Products,1732539960.1770258
Djibouti,Sheep and Goats,Animal Products,27105467.0
Djibouti,Other Animals,Animal Products,19273795.0
Djibouti,Coffee,Vegetable Products,10676878.703091552
Djibouti,Dried Legumes,Vegetable Products,4657446.738483594
Djibouti,Soybeans,Vegetable Products,3882079.2504748995
Dominica,Medical Instruments,Instruments,18816624.0
Dominica,Passenger and Cargo Ships,Transportation,9400000.0
Dominica,Special Pharmaceuticals,Chemical Products,3742688.0000000005
Dominica,Pitted Fruits,Vegetable Products,2928223.0780296996
Dominica,Low-voltage Protection Equipment,Machines,1891556.3973690416
Dominican Republic,Gold,Precious Metals,1319262182.0
Dominican Republic,Low-voltage Protection Equipment,Machines,775248197.9939908
Dominican Republic,Rolled Tobacco,Foodstuffs,768549502.9555781
Dominican Republic,Medical Instruments,Instruments,534891963.76080376
Dominican Republic,Knit T-shirts,Textiles,354992915.0
Ecuador,Crude Petroleum,Mineral Products,7967122541.968397
Ecuador,Bananas,Vegetable Products,3365550490.8861923
Ecuador,Crustaceans,Animal Products,3239215743.780979
Ecuador,Processed Fish,Foodstuffs,1227975331.4244561
Ecuador,Refined Petroleum,Mineral Products,947208125.6269522
Egypt,Crude Petroleum,Mineral Products,4927338184.967142
Egypt,Refined Petroleum,Mineral Products,1987759347.01685
Egypt,Gold,Precious Metals,1859255828.5798733
Egypt,Nitrogenous Fertilizers,Chemical Products,1386245526.4072924
Egypt,Petroleum Gas,Mineral Products,1171032865.3788762
El Salvador,Knit T-shirts,Textiles,800455876.2471738
El Salvador,Electrical Capacitors,Machines,487110823.42495155
El Salvador,Knit Sweaters,Textiles,376668927.5590223
El Salvador,Knit Socks and Hosiery,Textiles,249648145.9333463
El Salvador,Plastic Lids,Plastics and Rubbers,202741630.6016018
Equatorial Guinea,Crude Petroleum,Mineral Products,3654262167.6727705
Equatorial Guinea,Petroleum Gas,Mineral Products,1300759592.879126
Equatorial Guinea,Acyclic Alcohols,Chemical Products,376793517.84718364
Equatorial Guinea,Rough Wood,Wood Products,343219459.0
Equatorial Guinea,Gold,Precious Metals,17474632.0
Eritrea,Zinc Ore,Mineral Products,244534791.7133419
Eritrea,Gold,Precious Metals,138570498.00000003
Eritrea,Copper Ore,Mineral Products,95977032.54139382
Eritrea,Non-Knit Men's Shirts,Textiles,1755250.0
Eritrea,Pepper,Vegetable Products,935640.0
Estonia,Broadcasting Equipment,Machines,1183288973.713486
Estonia,Refined Petroleum,Mineral Products,1141576109.4369183
Estonia,Coal Tar Oil,Mineral Products,692179926.0988104
Estonia,Cars,Transportation,523610344.9361939
Estonia,Prefabricated Buildings,Miscellaneous,464584684.4486419
Ethiopia,Coffee,Vegetable Products,835854600.5645615
Ethiopia,Other Oily Seeds,Vegetable Products,363078036.92846155
Ethiopia,Cut Flowers,Vegetable Products,232056163.06924957
Ethiopia,Dried Legumes,Vegetable Products,109196995.6598211
Ethiopia,Sheep and Goat Meat,Animal Products,95125450.0
Falkland Islands,Molluscs,Animal Products,235691418.56419748
Falkland Islands,Non-fillet Frozen Fish,Animal Products,22248654.559528217
Falkland Islands,Wool,Textiles,11445562.990749683
Falkland Islands,Fishing Ships,Transportation,5816675.999999999
Falkland Islands,Fish Fillets,Animal Products,2879452.4049765337
Fiji,Water,Foodstuffs,162300801.36050835
Fiji,Non-fillet Frozen Fish,Animal Products,83931457.58033893
Fiji,Gold,Precious Metals,54720417.593432285
Fiji,Processed Fish,Foodstuffs,49310324.057812884
Fiji,Fuel Wood,Wood Products,47639897.973279186
Finland,Refined Petroleum,Mineral Products,6066870836.047224
Finland,Kaolin Coated Paper,Paper Goods,5133857546.797157
Finland,Cars,Transportation,3966708799.9433913
Finland,Sulfate Chemical Woodpulp,Paper Goods,2869177061.1902742
Finland,Large Flat-Rolled Stainless Steel,Metals,2812708447.324493
France,"Planes, Helicopters, and/or Spacecraft",Transportation,43832617832.4226
France,Cars,Transportation,25981124407.77496
France,Packaged Medicaments,Chemical Products,25740703556.509346
France,Vehicle Parts,Transportation,16525915327.892227
France,Gas Turbines,Machines,14411409765.468428
French Polynesia,Pearls,Precious Metals,112064541.44539347
French Polynesia,Non-fillet Fresh Fish,Animal Products,13337028.14553546
French Polynesia,Coconut Oil,Animal and Vegetable Bi-Products,7085885.865476443
French Polynesia,Vanilla,Vegetable Products,6416722.0
French Polynesia,Antiques,Arts and Antiques,6099126.999999999
French South Antarctic Territory,Non-fillet Frozen Fish,Animal Products,6289733.000000001
French South Antarctic Territory,Crustaceans,Animal Products,1751244.0
French South Antarctic Territory,Fish Fillets,Animal Products,1265255.0
French South Antarctic Territory,Essential Oils,Chemical Products,224809.00000000003
French South Antarctic Territory,Other Heating Machinery,Machines,223089.00000000003
Gabon,Crude Petroleum,Mineral Products,3574130543.8127995
Gabon,Manganese Ore,Mineral Products,1219779280.7775404
Gabon,Sawn Wood,Wood Products,410753969.0
Gabon,Refined Petroleum,Mineral Products,146956538.27738753
Gabon,Veneer Sheets,Wood Products,138707061.34849092
Gambia,"Coconuts, Brazil Nuts, and Cashews",Vegetable Products,36506935.87175633
Gambia,Rough Wood,Wood Products,14978401.000000002
Gambia,Non-fillet Frozen Fish,Animal Products,9735204.03029755
Gambia,Scrap Iron,Metals,4935403.87878245
Gambia,Sawn Wood,Wood Products,4454139.0
Georgia,Copper Ore,Mineral Products,520457019.07597184
Georgia,Cars,Transportation,387092511.01494724
Georgia,Ferroalloys,Metals,357788150.5822495
Georgia,Wine,Foodstuffs,197016028.38214552
Georgia,Rolled Tobacco,Foodstuffs,149300140.19850233
Germany,Cars,Transportation,155697407812.8427
Germany,Vehicle Parts,Transportation,68123815817.57915
Germany,Packaged Medicaments,Chemical Products,55894371828.65113
Germany,"Planes, Helicopters, and/or Spacecraft",Transportation,30935545927.28928
Germany,"Blood, antisera, vaccines, toxins and cultures",Chemical Products,29741767138.62218
Ghana,Gold,Precious Metals,10030379569.652466
Ghana,Crude Petroleum,Mineral Products,4651292429.941104
Ghana,Cocoa Beans,Foodstuffs,1779988961.229762
Ghana,Cocoa Paste,Foodstuffs,488768910.05749977
Ghana,"Coconuts, Brazil Nuts, and Cashews",Vegetable Products,424236527.529319
Gibraltar,Refined Petroleum,Mineral Products,62263723.396048106
Gibraltar,Cars,Transportation,48010541.0
Gibraltar,Passenger and Cargo Ships,Transportation,31573153.0
Gibraltar,Recreational Boats,Transportation,15764531.0
Gibraltar,Surveying Equipment,Instruments,1313745.0
Greece,Refined Petroleum,Mineral Products,11974316701.576656
Greece,Packaged Medicaments,Chemical Products,1713817839.9553916
Greece,Aluminium Plating,Metals,759198665.4638054
Greece,Pure Olive Oil,Animal and Vegetable Bi-Products,696085460.372879
Greece,Computers,Machines,632627205.584033
Greenland,Non-fillet Frozen Fish,Animal Products,460529070.3451982
Greenland,Crustaceans,Animal Products,353572642.98622555
Greenland,Processed Crustaceans,Foodstuffs,147276382.66848373
Greenland,Fish Fillets,Animal Products,82461618.83292365
Greenland,Fishing Ships,Transportation,23931963.0
Grenada,"Nutmeg, mace and cardamons",Vegetable Products,9008042.32633719
Grenada,Non-fillet Fresh Fish,Animal Products,8797553.000785572
Grenada,Cocoa Beans,Foodstuffs,2847572.52632745
Grenada,Other Fruits,Vegetable Products,2226558.674211544
Grenada,Delivery Trucks,Transportation,1691249.9999999998
Guam,Scrap Iron,Metals,5106350.0
Guam,Beauty Products,Chemical Products,3968304.0
Guam,Scrap Copper,Metals,2215456.0
Guam,Precious Metal Watches,Instruments,1620087.0
Guam,Packaged Medicaments,Chemical Products,1104839.0
Guatemala,Bananas,Vegetable Products,1349815256.6999466
Guatemala,Coffee,Vegetable Products,774692859.528348
Guatemala,Knit Sweaters,Textiles,676041957.0
Guatemala,Raw Sugar,Foodstuffs,448259561.62441313
Guatemala,Knit T-shirts,Textiles,400631863.0
Guinea,Gold,Precious Metals,2789438092.0
Guinea,Aluminium Ore,Mineral Products,2525340183.330947
Guinea,Petroleum Gas,Mineral Products,99355762.88134508
Guinea,Aluminium Oxide,Chemical Products,70833526.49001281
Guinea,Non-fillet Frozen Fish,Animal Products,42670829.38554759
Guinea-Bissau,"Coconuts, Brazil Nuts, and Cashews",Vegetable Products,132385665.1092549
Guinea-Bissau,Non-fillet Frozen Fish,Animal Products,9342967.536571719
Guinea-Bissau,Rough Wood,Wood Products,7622116.999999999
Guinea-Bissau,Scrap Iron,Metals,701388.6829153519
Guinea-Bissau,Other Nuts,Vegetable Products,246487.85889410652
Guyana,Gold,Precious Metals,709553965.2168424
Guyana,Aluminium Ore,Mineral Products,207459937.71123108
Guyana,Railway Cargo Containers,Transportation,184837675.7465426
Guyana,Rice,Vegetable Products,164247221.3591683
Guyana,Raw Sugar,Foodstuffs,61603037.25027492
Haiti,Knit T-shirts,Textiles,444465038.0
Haiti,Knit Sweaters,Textiles,268479444.0
Haiti,Knit Women's Suits,Textiles,86544421.0
Haiti,Non-Knit Men's Suits,Textiles,82856898.0
Haiti,Essential Oils,Chemical Products,66531840.61740607
Honduras,Knit T-shirts,Textiles,1457177694.0
Honduras,Knit Sweaters,Textiles,1091349083.0
Honduras,Coffee,Vegetable Products,1018189899.408837
Honduras,Insulated Wire,Machines,625883699.6234179
Honduras,Bananas,Vegetable Products,297057025.1768064
Hong Kong,Gold,Precious Metals,12076254173.378153
Hong Kong,Broadcasting Equipment,Machines,10437462187.760069
Hong Kong,Integrated Circuits,Machines,6978379800.417735
Hong Kong,Diamonds,Precious Metals,6827851264.209278
Hong Kong,Telephones,Machines,5709973479.093121
Hungary,Cars,Transportation,11038372051.567776
Hungary,Vehicle Parts,Transportation,7221398145.844032
Hungary,Spark-Ignition Engines,Machines,3922199995.220942
Hungary,Packaged Medicaments,Chemical Products,3757111156.884151
Hungary,Video Displays,Machines,2739268193.6893663
Iceland,Raw Aluminium,Metals,2251433657.002665
Iceland,Fish Fillets,Animal Products,976526352.7397845
Iceland,Non-fillet Frozen Fish,Animal Products,395061659.4317715
Iceland,Processed Fish,Animal Products,292834770.91078717
Iceland,Passenger and Cargo Ships,Transportation,272777560.0
India,Refined Petroleum,Mineral Products,41505224443.44427
India,Diamonds,Precious Metals,26342221010.585747
India,Packaged Medicaments,Chemical Products,14015084368.421711
India,Jewellery,Precious Metals,12412418071.657927
India,Rice,Vegetable Products,7465663748.168889
Indonesia,Coal Briquettes,Mineral Products,22127899781.032997
Indonesia,Palm Oil,Animal and Vegetable Bi-Products,16678097198.969292
Indonesia,Petroleum Gas,Mineral Products,10825034944.97312
Indonesia,Crude Petroleum,Mineral Products,5522345843.753607
Indonesia,Rubber,Plastics and Rubbers,4409507712.619966
Iran,Crude Petroleum,Mineral Products,42980652625.61446
Iran,Ethylene Polymers,Plastics and Rubbers,2660770690.2392707
Iran,Semi-Finished Iron,Metals,1652067302.9842212
Iran,Acyclic Alcohols,Chemical Products,1646987028.8834543
Iran,Refined Petroleum,Mineral Products,1422955713.548597
Iraq,Crude Petroleum,Mineral Products,82118329443.32767
Iraq,Refined Petroleum,Mineral Products,3379790676.6857595
Iraq,Gold,Precious Metals,1382774790.0
Iraq,Tropical Fruits,Vegetable Products,103710842.71521322
Iraq,Petroleum Coke,Mineral Products,65297345.469758496
Ireland,"Blood, antisera, vaccines, toxins and cultures",Chemical Products,32878059770.988136
Ireland,Packaged Medicaments,Chemical Products,28067097168.037743
Ireland,Nitrogen Heterocyclic Compounds,Chemical Products,17581433912.545288
Ireland,Scented Mixtures,Chemical Products,8754437046.229486
Ireland,Medical Instruments,Instruments,6608899588.381995
Israel,Diamonds,Precious Metals,10714316349.178854
Israel,Packaged Medicaments,Chemical Products,4042208901.113045
Israel,Refined Petroleum,Mineral Products,2755531145.1507554
Israel,Integrated Circuits,Machines,2631906151.5922904
Israel,Other Measuring Instruments,Instruments,1451921077.4474568
Italy,Packaged Medicaments,Chemical Products,20198944233.83642
Italy,Cars,Transportation,17247233952.059666
Italy,Refined Petroleum,Mineral Products,16129138209.634079
Italy,Vehicle Parts,Transportation,15220071077.938797
Italy,Valves,Machines,8269500619.911572
Jamaica,Aluminium Oxide,Chemical Products,687985228.692765
Jamaica,Aluminium Ore,Mineral Products,122555121.7132195
Jamaica,Hard Liquor,Foodstuffs,83035457.0
Jamaica,Beer,Foodstuffs,33347806.0
Jamaica,Other Processed Fruits and Nuts,Foodstuffs,32182077.829866335
Japan,Cars,Transportation,102584075206.2462
Japan,Vehicle Parts,Transportation,36260528708.8618
Japan,Integrated Circuits,Machines,30878358549.539978
Japan,Machinery Having Individual Functions,Machines,23061089398.298473
Japan,Photo Lab Equipment,Instruments,11887801810.64628
Jordan,Potassic Fertilizers,Chemical Products,750536768.0395088
Jordan,Calcium Phosphates,Mineral Products,511310786.96656144
Jordan,Packaged Medicaments,Chemical Products,508359482.93118274
Jordan,Knit Sweaters,Textiles,374437098.29006356
Jordan,Mixed Mineral or Chemical Fertilizers,Chemical Products,275654272.03736395
Kazakhstan,Crude Petroleum,Mineral Products,38303477793.83855
Kazakhstan,Petroleum Gas,Mineral Products,3132690211.7820296
Kazakhstan,Refined Copper,Metals,2802909908.263279
Kazakhstan,Ferroalloys,Metals,2256946890.8206754
Kazakhstan,Refined Petroleum,Mineral Products,1827666116.2264788
Kenya,Tea,Vegetable Products,1460857827.6086218
Kenya,Cut Flowers,Vegetable Products,616166819.2765663
Kenya,Refined Petroleum,Mineral Products,346793217.26342964
Kenya,Coffee,Vegetable Products,243062653.97392082
Kenya,Titanium Ore,Mineral Products,152407983.77882504
Kiribati,Non-fillet Frozen Fish,Animal Products,120732721.23457761
Kiribati,Fish Fillets,Animal Products,4948827.059872213
Kiribati,Coconut Oil,Animal and Vegetable Bi-Products,2071810.66314684
Kiribati,Copra,Vegetable Products,1442163.101310445
Kiribati,Non-fillet Fresh Fish,Animal Products,1402276.058934613
Kuwait,Crude Petroleum,Mineral Products,45824591670.42628
Kuwait,Refined Petroleum,Mineral Products,7360790038.435066
Kuwait,Petroleum Gas,Mineral Products,2300055987.964056
Kuwait,Acyclic Alcohols,Chemical Products,1143495213.248205
Kuwait,Cyclic Hydrocarbons,Chemical Products,984188971.6209115
Kyrgyzstan,Gold,Precious Metals,1359362408.5892663
Kyrgyzstan,Precious Metal Ore,Mineral Products,123520305.7318044
Kyrgyzstan,Scrap Copper,Metals,106059527.46135509
Kyrgyzstan,Knit Women's Shirts,Textiles,94170916.79303657
Kyrgyzstan,Refined Petroleum,Mineral Products,87039734.25674918
Laos,Electricity,Mineral Products,1409202885.0
Laos,Copper Ore,Mineral Products,577216334.084923
Laos,Refined Copper,Metals,500067323.99999994
Laos,Video Displays,Machines,261921713.0
Laos,Broadcasting Accessories,Machines,255617851.0
Latvia,Sawn Wood,Wood Products,866615914.4136145
Latvia,Broadcasting Equipment,Machines,703269648.741981
Latvia,Hard Liquor,Foodstuffs,560634802.8856814
Latvia,Packaged Medicaments,Chemical Products,501239842.9837143
Latvia,Refined Petroleum,Mineral Products,495230855.88484484
Lebanon,Gold,Precious Metals,321970014.14580005
Lebanon,Diamonds,Precious Metals,277314057.5955343
Lebanon,Scrap Copper,Metals,146046328.53853282
Lebanon,Scrap Iron,Metals,141561462.36081767
Lebanon,Jewellery,Precious Metals,141192012.3601439
Liberia,Gold,Precious Metals,359268395.0
Liberia,Passenger and Cargo Ships,Transportation,309210047.0
Liberia,Crude Petroleum,Mineral Products,190245142.0209057
Liberia,Iron Ore,Mineral Products,147026562.5983324
Liberia,Rubber,Plastics and Rubbers,117608519.2726778
Libya,Crude Petroleum,Mineral Products,24175160395.489433
Libya,Petroleum Gas,Mineral Products,1379731997.0980434
Libya,Refined Petroleum,Mineral Products,1008337474.2254611
Libya,Gold,Precious Metals,804782187.9999999
Libya,Scrap Copper,Metals,95912377.78703412
Lithuania,Refined Petroleum,Mineral Products,4246333186.570791
Lithuania,Other Furniture,Miscellaneous,1443119860.5599022
Lithuania,Rolled Tobacco,Foodstuffs,919561865.3898165
Lithuania,Polyacetals,Plastics and Rubbers,651020583.6322019
Lithuania,Packaged Medicaments,Chemical Products,585528489.528109
Macau,Precious Metal Watches,Instruments,198855598.0
Macau,Jewellery,Precious Metals,186591481.0
Macau,Telephones,Machines,72978242.0
Macau,Broadcasting Equipment,Machines,55012659.0
Macau,Copper Foil,Metals,51199160.0
Macedonia,Reaction and Catalytic Products,Chemical Products,1453670740.3301883
Macedonia,Centrifuges,Machines,730288453.708489
Macedonia,Insulated Wire,Machines,621599475.2853038
Macedonia,Buses,Transportation,427266028.6233193
Macedonia,Vehicle Parts,Transportation,353918417.06504035
Madagascar,Vanilla,Vegetable Products,945167231.3668872
Madagascar,Raw Nickel,Metals,429038997.967316
Madagascar,Cobalt,Metals,234396945.88902226
Madagascar,Knit Sweaters,Textiles,158592083.66626748
Madagascar,Cloves,Vegetable Products,158260323.07255405
Malawi,Raw Tobacco,Foodstuffs,694078014.3896476
Malawi,Tea,Vegetable Products,89824708.45028017
Malawi,Other Nuts,Vegetable Products,32808330.54901637
Malawi,Raw Sugar,Foodstuffs,32632077.71337546
Malawi,Soybean Meal,Foodstuffs,22000601.005709738
Malaysia,Integrated Circuits,Machines,55468497491.72397
Malaysia,Refined Petroleum,Mineral Products,19070581025.353626
Malaysia,Petroleum Gas,Mineral Products,11417469447.423368
Malaysia,Crude Petroleum,Mineral Products,10445570459.884628
Malaysia,Palm Oil,Animal and Vegetable Bi-Products,9276525255.60441
Maldives,Non-fillet Frozen Fish,Animal Products,73844873.28677909
Maldives,Processed Fish,Foodstuffs,44122067.26023996
Maldives,Fish Fillets,Animal Products,42013602.40332268
Maldives,Refined Petroleum,Mineral Products,33473488.29486976
Maldives,Non-fillet Fresh Fish,Animal Products,27805871.567818534
Mali,Gold,Precious Metals,2585167821.0
Mali,Raw Cotton,Textiles,92987451.23719819
Mali,Rough Wood,Wood Products,37031815.0
Mali,Mixed Mineral or Chemical Fertilizers,Chemical Products,32082510.364906956
Mali,Other Oily Seeds,Vegetable Products,22477694.88697951
Malta,Refined Petroleum,Mineral Products,943354215.9969728
Malta,Integrated Circuits,Machines,651143896.7779325
Malta,Packaged Medicaments,Chemical Products,463481661.2800898
Malta,Models and Stuffed Animals,Miscellaneous,195442827.89849192
Malta,Low-voltage Protection Equipment,Machines,156782553.38887924
Marshall Islands,Passenger and Cargo Ships,Transportation,441956469.0
Marshall Islands,Non-fillet Frozen Fish,Animal Products,70092388.93661107
Marshall Islands,Recreational Boats,Transportation,59133736.0
Marshall Islands,Scrap Plastic,Plastics and Rubbers,31016377.876685686
Marshall Islands,Refined Petroleum,Mineral Products,22530878.66905884
Mauritania,Iron Ore,Mineral Products,627685128.0230519
Mauritania,Non-fillet Frozen Fish,Animal Products,450024269.8706869
Mauritania,Processed Crustaceans,Foodstuffs,443394009.02621824
Mauritania,Gold,Precious Metals,384434100.0
Mauritania,Copper Ore,Mineral Products,194713027.006187
Mauritius,Processed Fish,Foodstuffs,310075688.3972814
Mauritius,Raw Sugar,Foodstuffs,155393773.7591317
Mauritius,Knit T-shirts,Textiles,149464745.0166664
Mauritius,Non-Knit Men's Shirts,Textiles,147386038.65458795
Mauritius,Non-Knit Men's Suits,Textiles,126594340.92638277
Mexico,Cars,Transportation,50679446873.70756
Mexico,Vehicle Parts,Transportation,30138440055.08401
Mexico,Computers,Machines,29657636868.318066
Mexico,Delivery Trucks,Transportation,24979097257.132847
Mexico,Telephones,Machines,16728724739.640833
Micronesia,Non-fillet Frozen Fish,Animal Products,117223537.70362882
Micronesia,Fish Fillets,Animal Products,7655252.9226593925
Micronesia,Tractors,Transportation,728559.0
Micronesia,Aluminium Plating,Metals,436617.083065871
Micronesia,Netting,Textiles,401411.85311655997
Moldova,Insulated Wire,Machines,581484182.4270622
Moldova,Sunflower Seeds,Vegetable Products,201032137.30629396
Moldova,Hot-Rolled Iron Bars,Metals,176494813.1039775
Moldova,Wine,Foodstuffs,135247882.13395286
Moldova,Seats,Miscellaneous,133044254.2621918
Mongolia,Coal Briquettes,Mineral Products,2782575834.30428
Mongolia,Copper Ore,Mineral Products,2013419359.3390632
Mongolia,Gold,Precious Metals,869693252.0
Mongolia,Crude Petroleum,Mineral Products,391174674.618428
Mongolia,Iron Ore,Mineral Products,341765488.5810386
Montenegro,Raw Aluminium,Metals,87826297.5001322
Montenegro,Packaged Medicaments,Chemical Products,52435136.764749356
Montenegro,Cars,Transportation,25173851.491546076
Montenegro,Aluminium Ore,Mineral Products,18183353.185200576
Montenegro,Zinc Ore,Mineral Products,16600729.5084273
Montserrat,Sand,Mineral Products,1390186.0
Montserrat,Barium Sulphate,Mineral Products,647435.0
Montserrat,Medical Instruments,Instruments,562428.0
Montserrat,Gravel and Crushed Stone,Mineral Products,351967.0
Montserrat,Photo Lab Equipment,Instruments,300134.0
Morocco,Cars,Transportation,4918230107.164423
Morocco,Insulated Wire,Machines,3525312196.5678234
Morocco,Mixed Mineral or Chemical Fertilizers,Chemical Products,2858803425.9085226
Morocco,Phosphoric Acid,Chemical Products,1481111682.2641802
Morocco,Non-Knit Women's Suits,Textiles,1384792614.845159
Mozambique,Coal Briquettes,Mineral Products,1595420841.9361038
Mozambique,Raw Aluminium,Metals,1079956695.932083
Mozambique,Aluminium Bars,Metals,1045909511.0
Mozambique,Coke,Mineral Products,957504622.0
Mozambique,Petroleum Gas,Mineral Products,425191151.46258694
Nauru,Calcium Phosphates,Mineral Products,7518540.272290669
Nauru,Non-fillet Frozen Fish,Animal Products,1518846.273023372
Nauru,Low-voltage Protection Equipment,Machines,1117321.5897327291
Nauru,Gold,Precious Metals,999748.9999999999
Nauru,Fermented Milk Products,Animal Products,740772.3950473061
Nepal,Non-Retail Synthetic Staple Fibers Yarn,Textiles,82458757.17862728
Nepal,Knotted Carpets,Textiles,71867359.0
Nepal,Flavored Water,Foodstuffs,43541418.0
Nepal,"Nutmeg, mace and cardamons",Vegetable Products,35701289.15529538
Nepal,Other Plastic Products,Plastics and Rubbers,30514591.98102868
Netherlands,Refined Petroleum,Mineral Products,46892300073.16905
Netherlands,Broadcasting Equipment,Machines,18052080810.489365
Netherlands,Packaged Medicaments,Chemical Products,16242935337.266426
Netherlands,Computers,Machines,11208103802.048111
Netherlands,Office Machine Parts,Machines,11207202558.831017
Netherlands Antilles,Cars,Transportation,749636.0
Netherlands Antilles,Non-fillet Fresh Fish,Animal Products,700984.59447921
Netherlands Antilles,Margarine,Animal and Vegetable Bi-Products,582386.224744252
Netherlands Antilles,Aluminium Foil,Metals,88069.32999295629
Netherlands Antilles,Other Heating Machinery,Machines,84048.99999999999
New Caledonia,Ferroalloys,Metals,1034965006.0454017
New Caledonia,Nickel Ore,Mineral Products,401935993.18941385
New Caledonia,Nickel Mattes,Metals,392022534.4046319
New Caledonia,Cobalt,Metals,46741149.30797698
New Caledonia,Carbonates,Chemical Products,27601490.96774194
New Zealand,Concentrated Milk,Animal Products,5075622614.014025
New Zealand,Sheep and Goat Meat,Animal Products,2679652547.642533
New Zealand,Butter,Animal Products,2589995897.8300896
New Zealand,Rough Wood,Wood Products,2489862223.906046
New Zealand,Frozen Bovine Meat,Animal Products,1889625864.4635568
Nicaragua,Knit T-shirts,Textiles,629494422.0718129
Nicaragua,Insulated Wire,Machines,536793378.66614324
Nicaragua,Gold,Precious Metals,457367702.18506795
Nicaragua,Coffee,Vegetable Products,432945373.4312848
Nicaragua,Frozen Bovine Meat,Animal Products,263754854.99541625
Niger,Gold,Precious Metals,304598670.00000006
Niger,Other Oily Seeds,Vegetable Products,155432103.4672681
Niger,Refined Petroleum,Mineral Products,15544012.639840854
Niger,Onions,Vegetable Products,12610226.70521488
Niger,Radioactive Chemicals,Chemical Products,10970703.89309309
Nigeria,Crude Petroleum,Mineral Products,44822499408.57858
Nigeria,Petroleum Gas,Mineral Products,8610180739.494637
Nigeria,Refined Petroleum,Mineral Products,940176039.2076275
Nigeria,Cocoa Beans,Foodstuffs,621287642.832068
Nigeria,Gold,Precious Metals,576981617.3324109
Niue,Passenger and Cargo Ships,Transportation,129100000.0
Niue,Other Measuring Instruments,Instruments,401168.0
Niue,Blank Audio Media,Machines,243714.0
Niue,Coin,Precious Metals,201513.0
Niue,Fruit Juice,Foodstuffs,198391.83906088368
Norfolk Island,Small Iron Containers,Metals,585485.989879855
Norfolk Island,Metal Stoppers,Metals,343156.8521424151
Norfolk Island,Brochures,Paper Goods,255514.3835785682
Norfolk Island,Sowing Seeds,Vegetable Products,238107.0
Norfolk Island,Fuel Wood,Wood Products,236877.0
North Korea,Watch Movements,Instruments,31111689.0
North Korea,Ferroalloys,Metals,27704037.41962751
North Korea,Fake Hair,Footwear and Headwear,22390798.0
North Korea,Rubberworking Machinery,Machines,19096543.0
North Korea,Tungsten Ore,Mineral Products,18544335.0
Northern Mariana Islands,Scrap Iron,Metals,1110642.7876780129
Northern Mariana Islands,Scrap Aluminium,Metals,639986.79840979
Northern Mariana Islands,Machinery Having Individual Functions,Machines,567406.0
Northern Mariana Islands,Scrap Copper,Metals,418914.05068422994
Northern Mariana Islands,Jewellery,Precious Metals,68215.0
Norway,Petroleum Gas,Mineral Products,37175366251.69859
Norway,Crude Petroleum,Mineral Products,32986824514.776077
Norway,Refined Petroleum,Mineral Products,6966008372.792344
Norway,Non-fillet Fresh Fish,Animal Products,6794025281.287271
Norway,Raw Aluminium,Metals,3294945317.196462
Oman,Crude Petroleum,Mineral Products,19985639783.171505
Oman,Petroleum Gas,Mineral Products,3286657326.2225347
Oman,Refined Petroleum,Mineral Products,2795108505.0817714
Oman,Iron Ore,Mineral Products,840785164.5145495
Oman,Cyclic Hydrocarbons,Chemical Products,832469370.1893402
Pakistan,House Linens,Textiles,3496873495.3012223
Pakistan,Rice,Vegetable Products,1982948955.9289324
Pakistan,Non-Knit Men's Suits,Textiles,1617673372.1655579
Pakistan,Non-Retail Pure Cotton Yarn,Textiles,1250247474.2541127
Pakistan,Heavy Pure Woven Cotton,Textiles,988666651.6711392
Palau,Non-fillet Fresh Fish,Animal Products,18330407.899982225
Palau,Scrap Vessels,Transportation,4125781.0
Palau,Computers,Machines,3198597.44315753
Palau,Office Machine Parts,Machines,924162.9999999999
Palau,Refined Petroleum,Mineral Products,637586.9696954822
Palestine,Building Stone,Stone And Glass,189346869.99623933
Palestine,Scrap Iron,Metals,61963286.0
Palestine,Other Furniture,Miscellaneous,57041644.89926529
Palestine,Plastic Lids,Plastics and Rubbers,53021954.19499388
Palestine,Pure Olive Oil,Animal and Vegetable Bi-Products,40832292.30283921
Panama,Refined Petroleum,Mineral Products,769481123.409236
Panama,Coal Tar Oil,Mineral Products,496575327.474061
Panama,Passenger and Cargo Ships,Transportation,423753244.0
Panama,Bananas,Vegetable Products,304340225.615703
Panama,Gold,Precious Metals,248055999.0
Papua New Guinea,Gold,Precious Metals,2210722305.0
Papua New Guinea,Petroleum Gas,Mineral Products,1918997277.6332734
Papua New Guinea,Rough Wood,Wood Products,826656490.0
Papua New Guinea,Crude Petroleum,Mineral Products,678392530.5089483
Papua New Guinea,Nickel Mattes,Metals,517158148.2276952
Paraguay,Soybeans,Vegetable Products,2232549237.2543573
Paraguay,Soybean Meal,Foodstuffs,945407343.0909222
Paraguay,Frozen Bovine Meat,Animal Products,653241478.1314882
Paraguay,Soybean Oil,Animal and Vegetable Bi-Products,473431522.9078295
Paraguay,Bovine Meat,Animal Products,448678039.17024827
Peru,Copper Ore,Mineral Products,13001170097.178795
Peru,Gold,Precious Metals,7076113198.227727
Peru,Refined Petroleum,Mineral Products,2832730588.8656497
Peru,Zinc Ore,Mineral Products,2204998216.9378533
Peru,Refined Copper,Metals,1846450922.1642678
Philippines,Integrated Circuits,Machines,30747058527.441734
Philippines,Office Machine Parts,Machines,8892664738.670506
Philippines,Computers,Machines,4970132098.966386
Philippines,Semiconductor Devices,Machines,3416110425.307998
Philippines,Electrical Transformers,Machines,2484968356.0673785
Pitcairn Islands,Computers,Machines,530345.0
Pitcairn Islands,Paintings,Arts and Antiques,250000.0
Pitcairn Islands,Coffee,Vegetable Products,89955.0
Pitcairn Islands,Sports Equipment,Miscellaneous,82742.0
Pitcairn Islands,Cocoa Beans,Foodstuffs,63867.99999999999
Poland,Vehicle Parts,Transportation,14711923352.020807
Poland,Cars,Transportation,7247863725.344912
Poland,Seats,Miscellaneous,6243486109.360035
Poland,Other Furniture,Miscellaneous,5330654151.544229
Poland,Video Displays,Machines,4769283999.125114
Portugal,Cars,Transportation,4333527644.177697
Portugal,Vehicle Parts,Transportation,3559294347.0181913
Portugal,Refined Petroleum,Mineral Products,2869214604.433715
Portugal,Leather Footwear,Footwear and Headwear,2164661505.3307753
Portugal,Uncoated Paper,Paper Goods,1438289445.9701526
Qatar,Petroleum Gas,Mineral Products,31002892003.384155
Qatar,Crude Petroleum,Mineral Products,17703067795.315205
Qatar,Refined Petroleum,Mineral Products,10098771207.685148
Qatar,Ethylene Polymers,Plastics and Rubbers,2268858483.7265835
Qatar,Raw Aluminium,Metals,1307485681.080754
Republic of the Congo,Crude Petroleum,Mineral Products,6816382026.093096
Republic of the Congo,Refined Copper,Metals,2046141152.5107765
Republic of the Congo,Rough Wood,Wood Products,206503635.0
Republic of the Congo,Other Copper Products,Metals,179315006.00000003
Republic of the Congo,Refined Petroleum,Mineral Products,176207752.0828132
Romania,Vehicle Parts,Transportation,7532595530.862885
Romania,Cars,Transportation,5618249031.031962
Romania,Insulated Wire,Machines,4748122528.514645
Romania,Refined Petroleum,Mineral Products,2617866529.4439335
Romania,Electrical Control Boards,Machines,2207742024.6127276
Russia,Crude Petroleum,Mineral Products,133841307598.0562
Russia,Refined Petroleum,Mineral Products,77535141952.63623
Russia,Petroleum Gas,Mineral Products,27436362169.42743
Russia,Coal Briquettes,Mineral Products,18921390267.046944
Russia,Wheat,Vegetable Products,10721666200.051195
Rwanda,Gold,Precious Metals,636502982.0000001
Rwanda,"Niobium, Tantalum, Vanadium and Zirconium Ore",Mineral Products,76736943.2065872
Rwanda,Coffee,Vegetable Products,66425508.535871804
Rwanda,Tin Ores,Mineral Products,60676710.06315833
Rwanda,Tea,Vegetable Products,56050602.325518265
Saint Barthélemy,Beauty Products,Chemical Products,2608692.0
Saint Barthélemy,Other Slag and Ash,Mineral Products,440924.00000000006
Saint Barthélemy,Other Prepared Meat,Foodstuffs,323618.0
Saint Barthélemy,Wine,Foodstuffs,221414.00000000003
Saint Barthélemy,Tractors,Transportation,157134.0
Saint Helena,"Blood, antisera, vaccines, toxins and cultures",Chemical Products,9487860.999999998
Saint Helena,Crustaceans,Animal Products,8236382.187328391
Saint Helena,Fish Fillets,Animal Products,6210900.666092859
Saint Helena,Non-fillet Frozen Fish,Animal Products,4011863.30076887
Saint Helena,Combustion Engines,Machines,560714.0
Saint Kitts and Nevis,Broadcasting Equipment,Machines,13317223.0
Saint Kitts and Nevis,Recreational Boats,Transportation,11833553.999999998
Saint Kitts and Nevis,Other Measuring Instruments,Instruments,8733226.0
Saint Kitts and Nevis,Passenger and Cargo Ships,Transportation,5495581.0
Saint Kitts and Nevis,Electrical Resistors,Machines,4970387.0
Saint Lucia,Crude Petroleum,Mineral Products,18132742.9161201
Saint Lucia,Bananas,Vegetable Products,8023671.142835919
Saint Lucia,Beer,Foodstuffs,4279631.0
Saint Lucia,Refined Petroleum,Mineral Products,4076440.1633077133
Saint Lucia,Broadcasting Accessories,Machines,3651564.0000000005
Saint Maarten,Jewellery,Precious Metals,910372.0
Saint Maarten,Scrap Aluminium,Metals,893019.0
Saint Maarten,Video and Card Games,Miscellaneous,711601.9999999999
Saint Maarten,Scrap Iron,Metals,633895.0000000001
Saint Maarten,Hard Liquor,Foodstuffs,562638.0
Saint Pierre and Miquelon,Processed Crustaceans,Foodstuffs,4553469.0
Saint Pierre and Miquelon,Non-fillet Frozen Fish,Animal Products,338268.326632334
Saint Pierre and Miquelon,Molluscs,Animal Products,262792.2553507925
Saint Pierre and Miquelon,Electrical Parts,Machines,183820.0
Saint Pierre and Miquelon,Crustaceans,Animal Products,166129.0
Saint Vincent and the Grenadines,Petroleum Gas,Mineral Products,78769779.88884449
Saint Vincent and the Grenadines,Collector's Items,Arts and Antiques,27090765.0
Saint Vincent and the Grenadines,Wheat Flours,Vegetable Products,8675019.72634276
Saint Vincent and the Grenadines,Passenger and Cargo Ships,Transportation,6495216.0
Saint Vincent and the Grenadines,Coated Flat-Rolled Iron,Metals,6487315.427794722
Samoa,Non-fillet Frozen Fish,Animal Products,12804000.748046529
Samoa,Refined Petroleum,Mineral Products,11734349.045674473
Samoa,Fruit Juice,Foodstuffs,4233116.32686517
Samoa,Beer,Foodstuffs,2721049.355565354
Samoa,Fish Fillets,Animal Products,1820495.0
San Marino,Washing and Bottling Machines,Machines,44931692.0
San Marino,Packaged Medicaments,Chemical Products,12111677.0
San Marino,Woodworking machines,Machines,8880064.0
San Marino,Other Edible Preparations,Foodstuffs,7427263.953469891
San Marino,Other Furniture,Miscellaneous,6052530.084535988
Sao Tome and Principe,Cocoa Beans,Foodstuffs,12036218.104590673
Sao Tome and Principe,Gas Turbines,Machines,2951801.0000000005
Sao Tome and Principe,Aircraft Parts,Transportation,991933.0
Sao Tome and Principe,Opto-Electric Instrument Parts,Instruments,720276.9999999999
Sao Tome and Principe,Cars,Transportation,643853.4265797273
Saudi Arabia,Crude Petroleum,Mineral Products,164819926974.8154
Saudi Arabia,Refined Petroleum,Mineral Products,23927112879.8047
Saudi Arabia,Ethylene Polymers,Plastics and Rubbers,12524934917.67681
Saudi Arabia,Propylene Polymers,Plastics and Rubbers,6328788131.802754
Saudi Arabia,Acyclic Alcohols,Chemical Products,5140056056.809568
Senegal,Gold,Precious Metals,586694441.5974271
Senegal,Refined Petroleum,Mineral Products,404377796.92318785
Senegal,Phosphoric Acid,Chemical Products,319236851.278007
Senegal,Non-fillet Frozen Fish,Animal Products,276331676.1582223
Senegal,Cement,Mineral Products,155434518.20932022
Serbia,Insulated Wire,Machines,1310125708.8627932
Serbia,Cars,Transportation,896551574.5244211
Serbia,Rubber Tires,Plastics and Rubbers,731847168.9536856
Serbia,Hot-Rolled Iron,Metals,608834921.3477553
Serbia,Electric Motors,Machines,441173609.64876604
Seychelles,Processed Fish,Foodstuffs,282904639.47307754
Seychelles,Non-fillet Frozen Fish,Animal Products,242862420.120086
Seychelles,Recreational Boats,Transportation,218030843.83023375
Seychelles,"Planes, Helicopters, and/or Spacecraft",Transportation,50943966.0
Seychelles,Animal Meal and Pellets,Foodstuffs,17179757.524419922
Sierra Leone,Titanium Ore,Mineral Products,144797564.50057775
Sierra Leone,Rough Wood,Wood Products,105705419.0
Sierra Leone,Diamonds,Precious Metals,88396026.0
Sierra Leone,Aluminium Ore,Mineral Products,79769175.52000664
Sierra Leone,Non-fillet Frozen Fish,Animal Products,32589909.69708751
Singapore,Integrated Circuits,Machines,60990635775.34408
Singapore,Refined Petroleum,Mineral Products,52366927892.9297
Singapore,Gold,Precious Metals,10128974776.011284
Singapore,Packaged Medicaments,Chemical Products,8255629560.408561
Singapore,Gas Turbines,Machines,7959083086.172186
Slovakia,Cars,Transportation,21558780360.15596
Slovakia,Vehicle Parts,Transportation,5434603297.642693
Slovakia,Video Displays,Machines,5092027220.654151
Slovakia,Broadcasting Equipment,Machines,4264026161.6853046
Slovakia,Refined Petroleum,Mineral Products,2032882743.5960512
Slovenia,Cars,Transportation,4384428988.118888
Slovenia,Packaged Medicaments,Chemical Products,3182701811.4830127
Slovenia,Refined Petroleum,Mineral Products,1287644196.5462162
Slovenia,Vehicle Parts,Transportation,1261213727.4275293
Slovenia,Electrical Lighting and Signalling Equipment,Machines,622677192.0221225
Solomon Islands,Rough Wood,Wood Products,608075663.1845379
Solomon Islands,Processed Fish,Foodstuffs,65796152.28241059
Solomon Islands,Aluminium Ore,Mineral Products,43608733.1729226
Solomon Islands,Non-fillet Frozen Fish,Animal Products,30836371.684000555
Solomon Islands,Palm Oil,Animal and Vegetable Bi-Products,26651541.334647402
Somalia,Sheep and Goats,Animal Products,175719323.0
Somalia,Gold,Precious Metals,127674252.0
Somalia,Bovine,Animal Products,42349351.00000001
Somalia,Insect Resins,Vegetable Products,36442954.38869309
Somalia,Molluscs,Animal Products,20115746.673258446
South Africa,Gold,Precious Metals,17882292065.63942
South Africa,Diamonds,Precious Metals,9380272326.167507
South Africa,Platinum,Precious Metals,9136136721.501696
South Africa,Cars,Transportation,6795052926.4026165
South Africa,Coal Briquettes,Mineral Products,6712963581.746947
South Korea,Integrated Circuits,Machines,113137876391.58363
South Korea,Refined Petroleum,Mineral Products,43620361325.520454
South Korea,Cars,Transportation,38650546284.61224
South Korea,Vehicle Parts,Transportation,19041358845.57235
South Korea,Office Machine Parts,Machines,18761777886.15339
South Sudan,Crude Petroleum,Mineral Products,1628776715.0
South Sudan,Forage Crops,Vegetable Products,32118114.0
South Sudan,Raw Cotton,Textiles,13804112.0
South Sudan,Gold,Precious Metals,12433941.0
South Sudan,Dried Legumes,Vegetable Products,9984827.0
Spain,Cars,Transportation,35858468279.13803
Spain,Refined Petroleum,Mineral Products,13301424714.417946
Spain,Vehicle Parts,Transportation,11654475112.068295
Spain,Packaged Medicaments,Chemical Products,8821212493.51034
Spain,Delivery Trucks,Transportation,6648339919.123524
Sri Lanka,Tea,Vegetable Products,858405313.3019736
Sri Lanka,Other Women's Undergarments,Textiles,635150917.2322783
Sri Lanka,Knit Women's Undergarments,Textiles,555734474.0
Sri Lanka,Knit Women's Suits,Textiles,493285507.0
Sri Lanka,Non-Knit Women's Suits,Textiles,475990809.0
Sudan,Crude Petroleum,Mineral Products,1045983616.0
Sudan,Gold,Precious Metals,1034238093.0
Sudan,Other Oily Seeds,Vegetable Products,691125736.0
Sudan,Sheep and Goats,Animal Products,481605519.0
Sudan,Insect Resins,Vegetable Products,116151112.0
Suriname,Gold,Precious Metals,1768453356.8764381
Suriname,Precious Metal Scraps,Precious Metals,208643218.99999997
Suriname,Rough Wood,Wood Products,140395470.86361122
Suriname,Refined Petroleum,Mineral Products,112093007.94662878
Suriname,Bananas,Vegetable Products,47958743.708755024
Sweden,Cars,Transportation,11859164567.501982
Sweden,Refined Petroleum,Mineral Products,10014920221.430655
Sweden,Packaged Medicaments,Chemical Products,6901573135.806347
Sweden,Vehicle Parts,Transportation,5597459678.73097
Sweden,Broadcasting Equipment,Machines,3738379528.1529036
Switzerland,Gold,Precious Metals,63781599863.486084
Switzerland,Packaged Medicaments,Chemical Products,44090549200.05962
Switzerland,"Blood, antisera, vaccines, toxins and cultures",Chemical Products,28048131516.112274
Switzerland,Base Metal Watches,Instruments,13712413321.718754
Switzerland,Jewellery,Precious Metals,11075230323.730165
Syria,Pure Olive Oil,Animal and Vegetable Bi-Products,128681023.22637537
Syria,Spice Seeds,Vegetable Products,71722465.22232217
Syria,Other Nuts,Vegetable Products,49981898.41703509
Syria,Apples and Pears,Vegetable Products,28926682.73777794
Syria,Calcium Phosphates,Mineral Products,27265399.611094527
Tajikistan,Gold,Precious Metals,212104100.0
Tajikistan,Raw Aluminium,Metals,180729622.43488172
Tajikistan,Zinc Ore,Mineral Products,166054683.3918132
Tajikistan,Lead Ore,Mineral Products,116252327.43601194
Tajikistan,Copper Ore,Mineral Products,75173126.032013
Tanzania,Gold,Precious Metals,892192546.986065
Tanzania,Raw Tobacco,Foodstuffs,333422870.1237058
Tanzania,Raw Copper,Metals,231413234.71630323
Tanzania,Refined Copper,Metals,149601604.09900275
Tanzania,Other Furniture,Miscellaneous,146555362.78061005
Thailand,Office Machine Parts,Machines,18558353976.35293
Thailand,Cars,Transportation,10923854366.734674
Thailand,Integrated Circuits,Machines,9539113295.973162
Thailand,Delivery Trucks,Transportation,9208930614.216557
Thailand,Vehicle Parts,Transportation,8229830550.301033
Timor-Leste,Crude Petroleum,Mineral Products,39778742.4085765
Timor-Leste,Coffee,Vegetable Products,17901962.22756125
Timor-Leste,"Locust beans, seaweed, sugar beet, cane, for food",Vegetable Products,2572514.1780587197
Timor-Leste,Broadcasting Equipment,Machines,1376060.0000000002
Timor-Leste,Scrap Iron,Metals,1024055.6868772922
Togo,Refined Petroleum,Mineral Products,1148289667.1412334
Togo,Gold,Precious Metals,370882206.0
Togo,Crude Petroleum,Mineral Products,130289166.27989155
Togo,Other Oily Seeds,Vegetable Products,122476168.97062038
Togo,Cement,Mineral Products,98286095.03322679
Tokelau,Passenger and Cargo Ships,Transportation,24591417.0
Tokelau,Electric Batteries,Machines,1740246.0
Tokelau,Electrical Transformers,Machines,1657311.0
Tokelau,Other Processed Fruits and Nuts,Foodstuffs,1428788.2679943542
Tokelau,Packaged Medicaments,Chemical Products,1390990.0
Tonga,Non-fillet Fresh Fish,Animal Products,2604334.333668022
Tonga,Other Vegetables,Vegetable Products,2512197.3014463424
Tonga,Other Processed Fruits and Nuts,Foodstuffs,1405991.3621427983
Tonga,Coral and Shells,Animal Products,837802.8989158852
Tonga,Cassava,Vegetable Products,709373.6414325375
Trinidad and Tobago,Petroleum Gas,Mineral Products,3431179266.865088
Trinidad and Tobago,Acyclic Alcohols,Chemical Products,1710278719.209557
Trinidad and Tobago,Refined Petroleum,Mineral Products,1281371374.2309601
Trinidad and Tobago,Ammonia,Chemical Products,1150462562.1681728
Trinidad and Tobago,Crude Petroleum,Mineral Products,665219802.401304
Tunisia,Insulated Wire,Machines,2005795296.1882765
Tunisia,Non-Knit Men's Suits,Textiles,1001707540.0
Tunisia,Pure Olive Oil,Animal and Vegetable Bi-Products,789436929.49755
Tunisia,Non-Knit Women's Suits,Textiles,627730631.0
Tunisia,Crude Petroleum,Mineral Products,613655379.3347828
Turkey,Cars,Transportation,12942327581.367092
Turkey,Delivery Trucks,Transportation,5381094318.569125
Turkey,Vehicle Parts,Transportation,4627353842.801202
Turkey,Jewellery,Precious Metals,4294147303.8175254
Turkey,Crude Petroleum,Mineral Products,3649467775.662198
Turkmenistan,Petroleum Gas,Mineral Products,7227958146.963194
Turkmenistan,Refined Petroleum,Mineral Products,804082809.7286129
Turkmenistan,Peat,Mineral Products,177627682.86927104
Turkmenistan,Non-Retail Pure Cotton Yarn,Textiles,159082700.84770826
Turkmenistan,Raw Cotton,Textiles,108938374.2689368
Turks and Caicos Islands,Refined Petroleum,Mineral Products,2300735.5838427455
Turks and Caicos Islands,Plastic Building Materials,Plastics and Rubbers,2085800.529594151
Turks and Caicos Islands,Molluscs,Animal Products,1888147.0209715501
Turks and Caicos Islands,Stone Processing Machines,Machines,1686234.0
Turks and Caicos Islands,Hard Liquor,Foodstuffs,1431732.0
Tuvalu,Non-fillet Frozen Fish,Animal Products,27910427.195485085
Tuvalu,Other Sugars,Foodstuffs,486917.429742605
Tuvalu,Coin,Precious Metals,201965.0
Tuvalu,Microphones and Headphones,Machines,141076.0
Tuvalu,Iron Fasteners,Metals,61946.99493873884
Uganda,Gold,Precious Metals,1645798635.0200233
Uganda,Coffee,Vegetable Products,487198384.83145684
Uganda,Dried Legumes,Vegetable Products,103622820.84766623
Uganda,Fish Fillets,Animal Products,99710029.58288014
Uganda,Corn,Vegetable Products,92562958.79388347
Ukraine,Seed Oils,Animal and Vegetable Bi-Products,4122225933.917277
Ukraine,Semi-Finished Iron,Metals,4005339237.012043
Ukraine,Corn,Vegetable Products,3513519741.533564
Ukraine,Wheat,Vegetable Products,3101607927.6959076
Ukraine,Iron Ore,Mineral Products,2887711304.087882
United Arab Emirates,Crude Petroleum,Mineral Products,58069052588.37721
United Arab Emirates,Refined Petroleum,Mineral Products,32320520867.919613
United Arab Emirates,Gold,Precious Metals,15369613079.410261
United Arab Emirates,Jewellery,Precious Metals,12227434134.35079
United Arab Emirates,Diamonds,Precious Metals,10193362706.895428
United Kingdom,Cars,Transportation,43350024622.92668
United Kingdom,Crude Petroleum,Mineral Products,26425625476.10917
United Kingdom,Gold,Precious Metals,25772414701.258686
United Kingdom,Gas Turbines,Machines,23484067251.383568
United Kingdom,Packaged Medicaments,Chemical Products,19343728176.222107
United States,Refined Petroleum,Mineral Products,95799015450.63132
United States,"Planes, Helicopters, and/or Spacecraft",Transportation,57925941313.91756
United States,Cars,Transportation,51387663676.98623
United States,Crude Petroleum,Mineral Products,45493196897.90209
United States,Integrated Circuits,Machines,37109689279.73205
Uruguay,Sulfate Chemical Woodpulp,Paper Goods,1790337683.6234875
Uruguay,Frozen Bovine Meat,Animal Products,1281038867.38726
Uruguay,Concentrated Milk,Animal Products,461467790.4593038
Uruguay,Rice,Vegetable Products,396707142.3943722
Uruguay,Bovine Meat,Animal Products,362910065.7559317
Uzbekistan,Gold,Precious Metals,2487541994.0
Uzbekistan,Petroleum Gas,Mineral Products,2453838112.5305176
Uzbekistan,Non-Retail Pure Cotton Yarn,Textiles,725769144.4284967
Uzbekistan,Refined Copper,Metals,509912144.9793476
Uzbekistan,Ethylene Polymers,Plastics and Rubbers,431768963.2893485
Vanuatu,Non-fillet Frozen Fish,Animal Products,92109524.61611897
Vanuatu,Scrap Vessels,Transportation,21423000.0
Vanuatu,Perfume Plants,Vegetable Products,14857466.627319505
Vanuatu,Molluscs,Animal Products,8703966.745955609
Vanuatu,Copra,Vegetable Products,7413437.69543062
Venezuela,Crude Petroleum,Mineral Products,23203181950.434586
Venezuela,Refined Petroleum,Mineral Products,3025553860.4546404
Venezuela,Gold,Precious Metals,2710958938.0
Venezuela,Acyclic Alcohols,Chemical Products,498001124.15891135
Venezuela,Iron Ore,Mineral Products,180915759.82852983
Vietnam,Broadcasting Equipment,Machines,42791295565.0
Vietnam,Telephones,Machines,23051731363.0
Vietnam,Integrated Circuits,Machines,16047439858.0
Vietnam,Textile Footwear,Footwear and Headwear,11384217736.0
Vietnam,Broadcasting Accessories,Machines,8806244290.255386
Wallis and Futuna,Bi-Wheel Vehicle Parts,Transportation,96303.36118864671
Wallis and Futuna,Electric Soldering Equipment,Machines,25845.0
Wallis and Futuna,Integrated Circuits,Machines,23421.0
Wallis and Futuna,Engine Parts,Machines,18540.650033506
Wallis and Futuna,Medical Instruments,Instruments,17416.3715964034
Yemen,Crude Petroleum,Mineral Products,847926475.6258727
Yemen,Gold,Precious Metals,218846186.0
Yemen,Non-fillet Fresh Fish,Animal Products,53419040.33742197
Yemen,Other Fruits,Vegetable Products,33280218.821276095
Yemen,Molluscs,Animal Products,33228531.24854262
Zambia,Raw Copper,Metals,5416992413.554674
Zambia,Refined Copper,Metals,3060895508.3768797
Zambia,Cobalt,Metals,248860744.93583208
Zambia,Postage Stamps,Paper Goods,243587997.3337289
Zambia,Raw Tobacco,Foodstuffs,181288121.96723586
Zimbabwe,Gold,Precious Metals,1961073526.0
Zimbabwe,Raw Tobacco,Foodstuffs,466631606.69216186
Zimbabwe,Ferroalloys,Metals,465698937.8427709
Zimbabwe,Chromium Ore,Mineral Products,228830458.14428034
Zimbabwe,Diamonds,Precious Metals,215364424.3202455
